datetime,event,new_job_id,timestamp
2026-03-29 18:44:33,job_changed,0856998fd15d4412045c1e5f545c4ff5,1774781073.752401
2026-03-29 18:48:13,job_changed,f523efe1b63bc17bfb64898d8fc60f39,1774781293.7498772
2026-03-29 18:53:03,job_changed,0beaa01a340f7e836a698a2eb1189135,1774781583.7496226
2026-03-29 18:55:53,job_changed,3ee1912a1238d46fcd43df259e283f74,1774781753.7540233
2026-03-29 18:58:33,job_changed,0c19186301a42c12927f389aad6896b4,1774781913.7536156
2026-03-29 19:01:13,job_changed,7608b2071b75161d226eaa9a15bf150f,1774782073.750475
2026-03-29 19:04:03,job_changed,2ca8fc862d57a13330573e0415f9a828,1774782243.749105
2026-03-29 19:06:43,job_changed,78f369c235dea31017918d1492e33790,1774782403.7488966
2026-03-29 19:10:43,job_changed,3dd149cb6d0fcecac4baf6ff4ce632bb,1774782643.7494605
